"attachment-large src","elementor-heading-title","elementor-button href","elementor-button-text","woocommerce-LoopProduct-link href","attachment-woocommerce_thumbnail src","ast-woo-product-category","woocommerce-loop-product__title","woocommerce-Price-amount","woocommerce-Price-currencySymbol","button","button href","woocommerce-LoopProduct-link href 2","attachment-woocommerce_thumbnail src 2","ast-woo-product-category 2","woocommerce-loop-product__title 2","woocommerce-Price-amount 2","button href 2","woocommerce-LoopProduct-link href 3","attachment-woocommerce_thumbnail src 3","woocommerce-loop-product__title 3","woocommerce-Price-amount 3","button href 3","woocommerce-LoopProduct-link href 4","attachment-woocommerce_thumbnail src 4","woocommerce-loop-product__title 4","woocommerce-Price-amount 4","button href 4"
"https://melkendairy.com/wp-content/uploads/2021/03/logo-leaf-new1.png","Farm Fresh Milk & Dairy Products","https://melkendairy.com/dairy-products-in-lahore/","Shop Now!","","","","","","","","","","","","","","","","","","","","","","","",""
"","","","","","","","","","","","","","","","","","","","","","","","","","","",""
"https://melkendairy.com/wp-content/uploads/2019/07/logo-leaf-new.png","Best Selling Products","","","https://melkendairy.com/product/barfi/","https://melkendairy.com/wp-content/uploads/2018/06/Melken-Dairy-Barfi-300x300.jpg","Dairy","Barfi","2,000.00","₨","Add to cart","https://melkendairy.com/?add-to-cart=168","https://melkendairy.com/product/butter/","https://melkendairy.com/wp-content/uploads/2018/06/Melken-Dairy-Butter-300x300.jpg","Dairy","Butter","2,800.00","https://melkendairy.com/?add-to-cart=242","https://melkendairy.com/product/desi-ghee/","https://melkendairy.com/wp-content/uploads/2018/06/Desi-Ghee-300x300.png","Desi Ghee","4,000.00","https://melkendairy.com/?add-to-cart=245","https://melkendairy.com/product/fresh-cream/","https://melkendairy.com/wp-content/uploads/2018/06/Melken-Dairy-Fresh-Cream-300x300.jpg","Fresh Cream","1,500.00","https://melkendairy.com/?add-to-cart=243"
"https://melkendairy.com/wp-content/uploads/2019/07/logo-leaf-new.png","Best Selling Products","","","https://melkendairy.com/product/barfi/","https://melkendairy.com/wp-content/uploads/2018/06/Melken-Dairy-Barfi-300x300.jpg","Dairy","Barfi","2,000.00","₨","Add to cart","https://melkendairy.com/?add-to-cart=168","https://melkendairy.com/product/butter/","https://melkendairy.com/wp-content/uploads/2018/06/Melken-Dairy-Butter-300x300.jpg","Dairy","Butter","2,800.00","https://melkendairy.com/?add-to-cart=242","https://melkendairy.com/product/desi-ghee/","https://melkendairy.com/wp-content/uploads/2018/06/Desi-Ghee-300x300.png","Desi Ghee","4,000.00","https://melkendairy.com/?add-to-cart=245","https://melkendairy.com/product/fresh-cream/","https://melkendairy.com/wp-content/uploads/2018/06/Melken-Dairy-Fresh-Cream-300x300.jpg","Fresh Cream","1,500.00","https://melkendairy.com/?add-to-cart=243"
"https://melkendairy.com/wp-content/uploads/2021/03/1175-1024x251.png","","","","","","","","","","","","","","","","","","","","","","","","","","",""
"","We offer a wide range of Milk & Dairy Products.","","","","","","","","","","","","","","","","","","","","","","","","","",""
"","","https://melkendairy.com/dairy-products-in-lahore/","Shop Now","","","","","","","","","","","","","","","","","","","","","","","",""
"","Sign Up For Monthly Milk Delivery Day!","https://melkendairy.com/contact/","Contact Us","","","","","","","","","","","","","","","","","","","","","","","",""
"https://melkendairy.com/wp-content/uploads/2019/07/logo-leaf-new.png","Trending Products","","","https://melkendairy.com/product/barfi/","https://melkendairy.com/wp-content/uploads/2018/06/Melken-Dairy-Barfi-300x300.jpg","Dairy","Barfi","2,000.00","₨","Add to cart","https://melkendairy.com/?add-to-cart=168","https://melkendairy.com/product/fresh-kheer/","https://melkendairy.com/wp-content/uploads/2018/06/Melken-Dairy-Fresh-Kheer-300x300.jpg","Sweets","Fresh Kheer","1,000.00","https://melkendairy.com/?add-to-cart=160","https://melkendairy.com/product/fresh-khoya/","https://melkendairy.com/wp-content/uploads/2018/06/Melken-Dairy-Fresh-Khoya-300x300.jpg","Fresh Khoya","2,000.00","https://melkendairy.com/?add-to-cart=170","https://melkendairy.com/product/fresh-lassi/","https://melkendairy.com/wp-content/uploads/2018/06/Melken-Dairy-Fresh-Lassi-300x300.jpg","Fresh Lassi","200.00","https://melkendairy.com/?add-to-cart=174"
"https://melkendairy.com/wp-content/uploads/2019/07/logo-leaf-new.png","Trending Products","","","https://melkendairy.com/product/barfi/","https://melkendairy.com/wp-content/uploads/2018/06/Melken-Dairy-Barfi-300x300.jpg","Dairy","Barfi","2,000.00","₨","Add to cart","https://melkendairy.com/?add-to-cart=168","https://melkendairy.com/product/fresh-kheer/","https://melkendairy.com/wp-content/uploads/2018/06/Melken-Dairy-Fresh-Kheer-300x300.jpg","Sweets","Fresh Kheer","1,000.00","https://melkendairy.com/?add-to-cart=160","https://melkendairy.com/product/fresh-khoya/","https://melkendairy.com/wp-content/uploads/2018/06/Melken-Dairy-Fresh-Khoya-300x300.jpg","Fresh Khoya","2,000.00","https://melkendairy.com/?add-to-cart=170","https://melkendairy.com/product/fresh-lassi/","https://melkendairy.com/wp-content/uploads/2018/06/Melken-Dairy-Fresh-Lassi-300x300.jpg","Fresh Lassi","200.00","https://melkendairy.com/?add-to-cart=174"
"","Healthy & Happy Cows = Healthy Raw Milk & Happy Customers","","","","","","","","","","","","","","","","","","","","","","","","","",""
"https://melkendairy.com/wp-content/uploads/2019/07/logo-leaf-new.png","We Deal With Various Quality Dairy Products!","https://melkendairy.com/dairy-products-in-lahore/","Start Shopping","","","","","","","","","","","","","","","","","","","","","","","",""